{"cameraMode":{"drawMode":0,"name":"Shaded","section":"Shading Mode"},"sceneLighting":true,"audioPlay":false,"sceneViewState":{"showFog":true,"showMaterialUpdate":false,"showSkybox":true,"showFlares":true,"showImageEffects":true,"showParticleSystems":true},"in2DMode":false,"pivot":{"x":1.53753662109375,"y":2.769287109375,"z":-0.9580078125},"rotation":{"x":0.07354605197906494,"y":0.7142510414123535,"z":-0.07591604441404343,"w":0.6918621063232422},"size":9.67416763305664,"orthographic":true}