{"cameraMode":{"drawMode":0,"name":"Shaded","section":"Shading Mode"},"sceneLighting":true,"audioPlay":false,"sceneViewState":{"showFog":true,"showMaterialUpdate":false,"showSkybox":true,"showFlares":true,"showImageEffects":true,"showParticleSystems":true},"in2DMode":false,"pivot":{"x":-0.225830078125,"y":4.1591796875,"z":-3.7578125},"rotation":{"x":-0.17548564076423646,"y":-0.002994352951645851,"z":0.0005286422674544156,"w":-0.9844955801963806},"size":8.908621788024903,"orthographic":true}